工事見積No.,明細キー,ステータス,作成日,決定日,宛名,建物名,担当者名,詳細,小計,消費税,合計,原価小計,原価率,利益率,管理番号
KM-000001313,KM-000001313-1,見積書提出中,2025/06/18,,ジャパンエレベーターサービス九州株式会社,介護付有料老人ホームさくらプレイス広田　３号機,内田義輝,乗場ドアハンガー,155400,15540,170940,41280,0.27,0.73,NS-339
KM-000001313,KM-000001313-2,見積書提出中,2025/06/18,,ジャパンエレベーターサービス九州株式会社,介護付有料老人ホームさくらプレイス広田　３号機,内田義輝,取替作業費及び調整費,155400,15540,170940,41280,0.27,0.73,NS-339
KM-000001313,KM-000001313-3,見積書提出中,2025/06/18,,ジャパンエレベーターサービス九州株式会社,介護付有料老人ホームさくらプレイス広田　３号機,内田義輝,諸経費・雑費及び印紙代等,155400,15540,170940,41280,0.27,0.73,NS-339
KM-000001313,KM-000001313-4,見積書提出中,2025/06/18,,ジャパンエレベーターサービス九州株式会社,介護付有料老人ホームさくらプレイス広田　３号機,内田義輝,廃材処理費及び運搬費,155400,15540,170940,41280,0.27,0.73,NS-339
KM-000001328,KM-000001328-1,見積書提出中,2025/06/26,,株式会社日本セレモニー,元町典礼会館本館　１号機,楠本敏紀,メインロープ,607540,60754,668294,345540,0.57,0.43,N42-0289
KM-000001328,KM-000001328-2,見積書提出中,2025/06/26,,株式会社日本セレモニー,元町典礼会館本館　１号機,楠本敏紀,メインロープ加工費,607540,60754,668294,345540,0.57,0.43,N42-0289
KM-000001328,KM-000001328-3,見積書提出中,2025/06/26,,株式会社日本セレモニー,元町典礼会館本館　１号機,楠本敏紀,取替作業費及び調整費,607540,60754,668294,345540,0.57,0.43,N42-0289
KM-000001328,KM-000001328-4,見積書提出中,2025/06/26,,株式会社日本セレモニー,元町典礼会館本館　１号機,楠本敏紀,運搬費,607540,60754,668294,345540,0.57,0.43,N42-0289
KM-000001328,KM-000001328-5,見積書提出中,2025/06/26,,株式会社日本セレモニー,元町典礼会館本館　１号機,楠本敏紀,諸経費・雑費及び印紙代等,607540,60754,668294,345540,0.57,0.43,N42-0289
KM-000001328,KM-000001328-6,見積書提出中,2025/06/26,,株式会社日本セレモニー,元町典礼会館本館　１号機,楠本敏紀,廃材処理費,607540,60754,668294,345540,0.57,0.43,N42-0289
KM-000001366,KM-000001366-1,見積書提出中,2025/06/26,,株式会社日本セレモニー,元町典礼会館別館,楠本敏紀,メインロープ,447400,44740,492140,206360,0.46,0.54,N42-0293
KM-000001366,KM-000001366-2,見積書提出中,2025/06/26,,株式会社日本セレモニー,元町典礼会館別館,楠本敏紀,主ロープスェージ加工費（片端末加工12ｍｍ）,447400,44740,492140,206360,0.46,0.54,N42-0293
KM-000001366,KM-000001366-3,見積書提出中,2025/06/26,,株式会社日本セレモニー,元町典礼会館別館,楠本敏紀,取替作業費及び調整費,447400,44740,492140,206360,0.46,0.54,N42-0293
KM-000001366,KM-000001366-4,見積書提出中,2025/06/26,,株式会社日本セレモニー,元町典礼会館別館,楠本敏紀,諸経費・雑費及び印紙代等,447400,44740,492140,206360,0.46,0.54,N42-0293
KM-000001366,KM-000001366-5,見積書提出中,2025/06/26,,株式会社日本セレモニー,元町典礼会館別館,楠本敏紀,廃材処理費,447400,44740,492140,206360,0.46,0.54,N42-0293
KM-000001366,KM-000001366-6,見積書提出中,2025/06/26,,株式会社日本セレモニー,元町典礼会館別館,楠本敏紀,運搬費,447400,44740,492140,206360,0.46,0.54,N42-0293
KM-000001379,KM-000001379-1,見積書提出中,2025/06/19,,島原市長,島原市立三会小学校,平野司,PU基板,1631000,163100,1794100,963200,0.59,0.41,N42-0648
KM-000001379,KM-000001379-2,見積書提出中,2025/06/19,,島原市長,島原市立三会小学校,平野司,I/O基板,1631000,163100,1794100,963200,0.59,0.41,N42-0648
KM-000001379,KM-000001379-3,見積書提出中,2025/06/19,,島原市長,島原市立三会小学校,平野司,I/O基板,1631000,163100,1794100,963200,0.59,0.41,N42-0648
KM-000001379,KM-000001379-4,見積書提出中,2025/06/19,,島原市長,島原市立三会小学校,平野司,CN-200基板,1631000,163100,1794100,963200,0.59,0.41,N42-0648
KM-000001379,KM-000001379-5,見積書提出中,2025/06/19,,島原市長,島原市立三会小学校,平野司,ドアコントロールユニット,1631000,163100,1794100,963200,0.59,0.41,N42-0648
KM-000001379,KM-000001379-6,見積書提出中,2025/06/19,,島原市長,島原市立三会小学校,平野司,管理EPリレー,1631000,163100,1794100,963200,0.59,0.41,N42-0648
KM-000001379,KM-000001379-7,見積書提出中,2025/06/19,,島原市長,島原市立三会小学校,平野司,トスランダーバッテリー,1631000,163100,1794100,963200,0.59,0.41,N42-0648
KM-000001379,KM-000001379-8,見積書提出中,2025/06/19,,島原市長,島原市立三会小学校,平野司,取替作業費及び調整費,1631000,163100,1794100,963200,0.59,0.41,N42-0648
KM-000001379,KM-000001379-9,見積書提出中,2025/06/19,,島原市長,島原市立三会小学校,平野司,諸経費・雑費及び印紙代等,1631000,163100,1794100,963200,0.59,0.41,N42-0648
KM-000001379,KM-000001379-10,見積書提出中,2025/06/19,,島原市長,島原市立三会小学校,平野司,廃材処理費,1631000,163100,1794100,963200,0.59,0.41,N42-0648
KM-000001379,KM-000001379-11,見積書提出中,2025/06/19,,島原市長,島原市立三会小学校,平野司,運搬費,1631000,163100,1794100,963200,0.59,0.41,N42-0648
KM-000001389,KM-000001389-1,見積書提出中,2025/06/20,,ジャパンエレベーターサービス九州株式会社,ＪＣＨＯ松浦中央病院　１号機,楠本敏紀,停電時自動着床装置用バッテリー,95000,9500,104500,48000,0.51,0.49,NS-413
KM-000001389,KM-000001389-2,見積書提出中,2025/06/20,,ジャパンエレベーターサービス九州株式会社,ＪＣＨＯ松浦中央病院　１号機,楠本敏紀,取替作業費及び調整費,95000,9500,104500,48000,0.51,0.49,NS-413
KM-000001389,KM-000001389-3,見積書提出中,2025/06/20,,ジャパンエレベーターサービス九州株式会社,ＪＣＨＯ松浦中央病院　１号機,楠本敏紀,諸経費・雑費及び印紙代等,95000,9500,104500,48000,0.51,0.49,NS-413
KM-000001389,KM-000001389-4,見積書提出中,2025/06/20,,ジャパンエレベーターサービス九州株式会社,ＪＣＨＯ松浦中央病院　１号機,楠本敏紀,廃材処理費,95000,9500,104500,48000,0.51,0.49,NS-413
KM-000001389,KM-000001389-5,見積書提出中,2025/06/20,,ジャパンエレベーターサービス九州株式会社,ＪＣＨＯ松浦中央病院　１号機,楠本敏紀,運搬費,95000,9500,104500,48000,0.51,0.49,NS-413
KM-000001390,KM-000001390-1,見積書提出中,2025/06/20,,ジャパンエレベーターサービス九州株式会社,ＪＣＨＯ松浦中央病院　２号機,楠本敏紀,停電時自動着床装置用バッテリー,95000,9500,104500,48000,0.51,0.49,NS-414
KM-000001390,KM-000001390-2,見積書提出中,2025/06/20,,ジャパンエレベーターサービス九州株式会社,ＪＣＨＯ松浦中央病院　２号機,楠本敏紀,取替作業費及び調整費,95000,9500,104500,48000,0.51,0.49,NS-414
KM-000001390,KM-000001390-3,見積書提出中,2025/06/20,,ジャパンエレベーターサービス九州株式会社,ＪＣＨＯ松浦中央病院　２号機,楠本敏紀,諸経費・雑費及び印紙代等,95000,9500,104500,48000,0.51,0.49,NS-414
KM-000001390,KM-000001390-4,見積書提出中,2025/06/20,,ジャパンエレベーターサービス九州株式会社,ＪＣＨＯ松浦中央病院　２号機,楠本敏紀,廃材処理費,95000,9500,104500,48000,0.51,0.49,NS-414
KM-000001390,KM-000001390-5,見積書提出中,2025/06/20,,ジャパンエレベーターサービス九州株式会社,ＪＣＨＯ松浦中央病院　２号機,楠本敏紀,運搬費,95000,9500,104500,48000,0.51,0.49,NS-414
KM-000001391,KM-000001391-1,見積書提出中,2025/06/20,,ジャパンエレベーターサービス九州株式会社,ＪＣＨＯ松浦中央病院　３号機,楠本敏紀,停電時自動着床装置用バッテリー,170000,17000,187000,96000,0.56,0.44,NS-415
KM-000001391,KM-000001391-2,見積書提出中,2025/06/20,,ジャパンエレベーターサービス九州株式会社,ＪＣＨＯ松浦中央病院　３号機,楠本敏紀,取替作業費及び調整費,170000,17000,187000,96000,0.56,0.44,NS-415
KM-000001391,KM-000001391-3,見積書提出中,2025/06/20,,ジャパンエレベーターサービス九州株式会社,ＪＣＨＯ松浦中央病院　３号機,楠本敏紀,諸経費・雑費及び印紙代等,170000,17000,187000,96000,0.56,0.44,NS-415
KM-000001391,KM-000001391-4,見積書提出中,2025/06/20,,ジャパンエレベーターサービス九州株式会社,ＪＣＨＯ松浦中央病院　３号機,楠本敏紀,廃材処理費,170000,17000,187000,96000,0.56,0.44,NS-415
KM-000001391,KM-000001391-5,見積書提出中,2025/06/20,,ジャパンエレベーターサービス九州株式会社,ＪＣＨＯ松浦中央病院　３号機,楠本敏紀,運搬費,170000,17000,187000,96000,0.56,0.44,NS-415
KM-000001468,KM-000001468-1,見積書提出中,2025/06/27,,株式会社西部エレベーターサービス,サンエス木風,内田義輝,カゴ内ファン,135000,13500,148500,77350,0.57,0.43,107-0265-01
KM-000001468,KM-000001468-2,見積書提出中,2025/06/27,,株式会社西部エレベーターサービス,サンエス木風,内田義輝,カゴ内ファン取付材,135000,13500,148500,77350,0.57,0.43,107-0265-01
KM-000001468,KM-000001468-3,見積書提出中,2025/06/27,,株式会社西部エレベーターサービス,サンエス木風,内田義輝,取替作業費及び調整費,135000,13500,148500,77350,0.57,0.43,107-0265-01
KM-000001468,KM-000001468-4,見積書提出中,2025/06/27,,株式会社西部エレベーターサービス,サンエス木風,内田義輝,運搬費,135000,13500,148500,77350,0.57,0.43,107-0265-01
KM-000001468,KM-000001468-5,見積書提出中,2025/06/27,,株式会社西部エレベーターサービス,サンエス木風,内田義輝,諸経費・雑費及び印紙代等,135000,13500,148500,77350,0.57,0.43,107-0265-01
KM-000001468,KM-000001468-6,見積書提出中,2025/06/27,,株式会社西部エレベーターサービス,サンエス木風,内田義輝,廃材処理費,135000,13500,148500,77350,0.57,0.43,107-0265-01
KM-000001474,KM-000001474-1,承認済,2025/06/12,,有限会社壽工業,グリーンヒル若葉,楠本敏紀,メインロープ,690400,69040,759440,408400,0.59,0.41,N42-0791
KM-000001474,KM-000001474-2,承認済,2025/06/12,,有限会社壽工業,グリーンヒル若葉,楠本敏紀,取替作業費及び調整費,690400,69040,759440,408400,0.59,0.41,N42-0791
KM-000001474,KM-000001474-3,承認済,2025/06/12,,有限会社壽工業,グリーンヒル若葉,楠本敏紀,諸経費・雑費及び印紙代等,690400,69040,759440,408400,0.59,0.41,N42-0791
KM-000001474,KM-000001474-4,承認済,2025/06/12,,有限会社壽工業,グリーンヒル若葉,楠本敏紀,廃材処理費,690400,69040,759440,408400,0.59,0.41,N42-0791
KM-000001475,KM-000001475-1,見積書提出中,2025/06/26,,株式会社日本セレモニー,元町典礼会館本館　２号機,楠本敏紀,メインロープ,607540,60754,668294,345540,0.57,0.43,N42-0290
KM-000001475,KM-000001475-2,見積書提出中,2025/06/26,,株式会社日本セレモニー,元町典礼会館本館　２号機,楠本敏紀,メインロープ加工費,607540,60754,668294,345540,0.57,0.43,N42-0290
KM-000001475,KM-000001475-3,見積書提出中,2025/06/26,,株式会社日本セレモニー,元町典礼会館本館　２号機,楠本敏紀,取替作業費及び調整費,607540,60754,668294,345540,0.57,0.43,N42-0290
KM-000001475,KM-000001475-4,見積書提出中,2025/06/26,,株式会社日本セレモニー,元町典礼会館本館　２号機,楠本敏紀,運搬費,607540,60754,668294,345540,0.57,0.43,N42-0290
KM-000001475,KM-000001475-5,見積書提出中,2025/06/26,,株式会社日本セレモニー,元町典礼会館本館　２号機,楠本敏紀,諸経費・雑費及び印紙代等,607540,60754,668294,345540,0.57,0.43,N42-0290
KM-000001475,KM-000001475-6,見積書提出中,2025/06/26,,株式会社日本セレモニー,元町典礼会館本館　２号機,楠本敏紀,廃材処理費,607540,60754,668294,345540,0.57,0.43,N42-0290
KM-000001476,KM-000001476-1,見積書提出中,2025/06/26,,株式会社日本セレモニー,元町典礼会館本館　４号機,楠本敏紀,メインロープ,400970,40097,441067,176970,0.44,0.56,N42-0292
KM-000001476,KM-000001476-2,見積書提出中,2025/06/26,,株式会社日本セレモニー,元町典礼会館本館　４号機,楠本敏紀,メインロープ加工費,400970,40097,441067,176970,0.44,0.56,N42-0292
KM-000001476,KM-000001476-3,見積書提出中,2025/06/26,,株式会社日本セレモニー,元町典礼会館本館　４号機,楠本敏紀,取替作業費及び調整費,400970,40097,441067,176970,0.44,0.56,N42-0292
KM-000001476,KM-000001476-4,見積書提出中,2025/06/26,,株式会社日本セレモニー,元町典礼会館本館　４号機,楠本敏紀,運搬費,400970,40097,441067,176970,0.44,0.56,N42-0292
KM-000001476,KM-000001476-5,見積書提出中,2025/06/26,,株式会社日本セレモニー,元町典礼会館本館　４号機,楠本敏紀,諸経費・雑費及び印紙代等,400970,40097,441067,176970,0.44,0.56,N42-0292
KM-000001476,KM-000001476-6,見積書提出中,2025/06/26,,株式会社日本セレモニー,元町典礼会館本館　４号機,楠本敏紀,廃材処理費,400970,40097,441067,176970,0.44,0.56,N42-0292
KM-000001479,KM-000001479-1,見積書提出中,2025/06/26,,株式会社日本セレモニー,元町典礼会館本館　４号機,内田義輝,制御盤内基板（P1基板）,730000,73000,803000,575000,0.79,0.21,N42-0292
KM-000001479,KM-000001479-2,見積書提出中,2025/06/26,,株式会社日本セレモニー,元町典礼会館本館　４号機,内田義輝,制御盤内基板（E1基板）,730000,73000,803000,575000,0.79,0.21,N42-0292
KM-000001479,KM-000001479-3,見積書提出中,2025/06/26,,株式会社日本セレモニー,元町典礼会館本館　４号機,内田義輝,取替作業費及び調整費,730000,73000,803000,575000,0.79,0.21,N42-0292
KM-000001479,KM-000001479-4,見積書提出中,2025/06/26,,株式会社日本セレモニー,元町典礼会館本館　４号機,内田義輝,諸経費・雑費及び印紙代等,730000,73000,803000,575000,0.79,0.21,N42-0292
KM-000001479,KM-000001479-5,見積書提出中,2025/06/26,,株式会社日本セレモニー,元町典礼会館本館　４号機,内田義輝,運搬費,730000,73000,803000,575000,0.79,0.21,N42-0292
KM-000001479,KM-000001479-6,見積書提出中,2025/06/26,,株式会社日本セレモニー,元町典礼会館本館　４号機,内田義輝,廃材処理費,730000,73000,803000,575000,0.79,0.21,N42-0292
KM-000001479,KM-000001479-7,見積書提出中,2025/06/26,,株式会社日本セレモニー,元町典礼会館本館　４号機,内田義輝,出精値引き,730000,73000,803000,575000,0.79,0.21,N42-0292
KM-000001504,KM-000001504-1,見積書提出中,2025/06/27,,島原市長　古川隆三郎,杉谷公民館,上中康平,インバーターユニット,690000,69000,759000,344000,0.5,0.5,N42-0346
KM-000001504,KM-000001504-2,見積書提出中,2025/06/27,,島原市長　古川隆三郎,杉谷公民館,上中康平,取替作業費及び調整費,690000,69000,759000,344000,0.5,0.5,N42-0346
KM-000001504,KM-000001504-3,見積書提出中,2025/06/27,,島原市長　古川隆三郎,杉谷公民館,上中康平,雑費及び諸経費,690000,69000,759000,344000,0.5,0.5,N42-0346
KM-000001504,KM-000001504-4,見積書提出中,2025/06/27,,島原市長　古川隆三郎,杉谷公民館,上中康平,運搬費,690000,69000,759000,344000,0.5,0.5,N42-0346
KM-000001504,KM-000001504-5,見積書提出中,2025/06/27,,島原市長　古川隆三郎,杉谷公民館,上中康平,廃材処理費,690000,69000,759000,344000,0.5,0.5,N42-0346
KM-000001509,KM-000001509-1,見積書提出中,2025/06/27,,島原市長　古川隆三郎,杉谷公民館,上中康平,P1基板,730000,73000,803000,342000,0.47,0.53,N42-0346
KM-000001509,KM-000001509-2,見積書提出中,2025/06/27,,島原市長　古川隆三郎,杉谷公民館,上中康平,電磁接触器,730000,73000,803000,342000,0.47,0.53,N42-0346
KM-000001509,KM-000001509-3,見積書提出中,2025/06/27,,島原市長　古川隆三郎,杉谷公民館,上中康平,安定化電源,730000,73000,803000,342000,0.47,0.53,N42-0346
KM-000001509,KM-000001509-4,見積書提出中,2025/06/27,,島原市長　古川隆三郎,杉谷公民館,上中康平,取替作業費及び調整費,730000,73000,803000,342000,0.47,0.53,N42-0346
KM-000001509,KM-000001509-5,見積書提出中,2025/06/27,,島原市長　古川隆三郎,杉谷公民館,上中康平,諸経費・雑費及び印紙代等,730000,73000,803000,342000,0.47,0.53,N42-0346
KM-000001509,KM-000001509-6,見積書提出中,2025/06/27,,島原市長　古川隆三郎,杉谷公民館,上中康平,運搬費,730000,73000,803000,342000,0.47,0.53,N42-0346
KM-000001509,KM-000001509-7,見積書提出中,2025/06/27,,島原市長　古川隆三郎,杉谷公民館,上中康平,廃材処理費,730000,73000,803000,342000,0.47,0.53,N42-0346
KM-000001513,KM-000001513-1,見積書提出中,2025/06/03,,ジャパンエレベーターサービス九州株式会社,オークラＢＬＤ．住吉　１号機,山岡慎吾,非常救出用バッテリー,29100,2910,32010,8645,0.3,0.7,NS-265
KM-000001513,KM-000001513-2,見積書提出中,2025/06/03,,ジャパンエレベーターサービス九州株式会社,オークラＢＬＤ．住吉　１号機,山岡慎吾,取替作業費及び調整費,29100,2910,32010,8645,0.3,0.7,NS-265
KM-000001513,KM-000001513-3,見積書提出中,2025/06/03,,ジャパンエレベーターサービス九州株式会社,オークラＢＬＤ．住吉　１号機,山岡慎吾,運搬費,29100,2910,32010,8645,0.3,0.7,NS-265
KM-000001513,KM-000001513-4,見積書提出中,2025/06/03,,ジャパンエレベーターサービス九州株式会社,オークラＢＬＤ．住吉　１号機,山岡慎吾,諸経費・雑費及び印紙代等,29100,2910,32010,8645,0.3,0.7,NS-265
KM-000001513,KM-000001513-5,見積書提出中,2025/06/03,,ジャパンエレベーターサービス九州株式会社,オークラＢＬＤ．住吉　１号機,山岡慎吾,廃材処理費,29100,2910,32010,8645,0.3,0.7,NS-265
KM-000001517,KM-000001517-1,見積書提出中,2025/06/03,,ジャパンエレベーターサービス九州株式会社,オークラＢＬＤ．住吉　２号機,山岡慎吾,非常救出用バッテリー,1611000,161100,1772100,984659,0.61,0.39,NS-266
KM-000001517,KM-000001517-2,見積書提出中,2025/06/03,,ジャパンエレベーターサービス九州株式会社,オークラＢＬＤ．住吉　２号機,山岡慎吾,電源装置,1611000,161100,1772100,984659,0.61,0.39,NS-266
KM-000001517,KM-000001517-3,見積書提出中,2025/06/03,,ジャパンエレベーターサービス九州株式会社,オークラＢＬＤ．住吉　２号機,山岡慎吾,E1基板,1611000,161100,1772100,984659,0.61,0.39,NS-266
KM-000001517,KM-000001517-4,見積書提出中,2025/06/03,,ジャパンエレベーターサービス九州株式会社,オークラＢＬＤ．住吉　２号機,山岡慎吾,P1基板,1611000,161100,1772100,984659,0.61,0.39,NS-266
KM-000001517,KM-000001517-5,見積書提出中,2025/06/03,,ジャパンエレベーターサービス九州株式会社,オークラＢＬＤ．住吉　２号機,山岡慎吾,Z1基板,1611000,161100,1772100,984659,0.61,0.39,NS-266
KM-000001517,KM-000001517-6,見積書提出中,2025/06/03,,ジャパンエレベーターサービス九州株式会社,オークラＢＬＤ．住吉　２号機,山岡慎吾,ドア基板,1611000,161100,1772100,984659,0.61,0.39,NS-266
KM-000001517,KM-000001517-7,見積書提出中,2025/06/03,,ジャパンエレベーターサービス九州株式会社,オークラＢＬＤ．住吉　２号機,山岡慎吾,５リレー,1611000,161100,1772100,984659,0.61,0.39,NS-266
KM-000001517,KM-000001517-8,見積書提出中,2025/06/03,,ジャパンエレベーターサービス九州株式会社,オークラＢＬＤ．住吉　２号機,山岡慎吾,LBリレー,1611000,161100,1772100,984659,0.61,0.39,NS-266
KM-000001517,KM-000001517-9,見積書提出中,2025/06/03,,ジャパンエレベーターサービス九州株式会社,オークラＢＬＤ．住吉　２号機,山岡慎吾,ギヤオイル,1611000,161100,1772100,984659,0.61,0.39,NS-266
KM-000001517,KM-000001517-10,見積書提出中,2025/06/03,,ジャパンエレベーターサービス九州株式会社,オークラＢＬＤ．住吉　２号機,山岡慎吾,取替作業費及び調整費,1611000,161100,1772100,984659,0.61,0.39,NS-266
KM-000001517,KM-000001517-11,見積書提出中,2025/06/03,,ジャパンエレベーターサービス九州株式会社,オークラＢＬＤ．住吉　２号機,山岡慎吾,運搬費,1611000,161100,1772100,984659,0.61,0.39,NS-266
KM-000001517,KM-000001517-12,見積書提出中,2025/06/03,,ジャパンエレベーターサービス九州株式会社,オークラＢＬＤ．住吉　２号機,山岡慎吾,諸経費・雑費及び印紙代等,1611000,161100,1772100,984659,0.61,0.39,NS-266
KM-000001517,KM-000001517-13,見積書提出中,2025/06/03,,ジャパンエレベーターサービス九州株式会社,オークラＢＬＤ．住吉　２号機,山岡慎吾,廃材処理費,1611000,161100,1772100,984659,0.61,0.39,NS-266
KM-000001551,KM-000001551-1,見積書提出中,2025/06/05,,長崎掖済会病院,長崎掖済会病院　１号機,森本健,手すりガード(ステンレス),103000,10300,113300,80000,0.78,0.22,N42-0819
KM-000001551,KM-000001551-2,見積書提出中,2025/06/05,,長崎掖済会病院,長崎掖済会病院　１号機,森本健,立ち合い費,103000,10300,113300,80000,0.78,0.22,N42-0819
KM-000001551,KM-000001551-3,見積書提出中,2025/06/05,,長崎掖済会病院,長崎掖済会病院　１号機,森本健,諸経費及び雑費,103000,10300,113300,80000,0.78,0.22,N42-0819
KM-000001559,KM-000001559-1,見積書提出中,2025/06/17,,あじさい建物サービス株式会社,ＴＥＫビル桜町電停前,山岡慎吾,ミニコンタクタ,104200,10420,114620,37200,0.36,0.64,N42-0867
KM-000001559,KM-000001559-2,見積書提出中,2025/06/17,,あじさい建物サービス株式会社,ＴＥＫビル桜町電停前,山岡慎吾,取替作業費及び調整費,104200,10420,114620,37200,0.36,0.64,N42-0867
KM-000001559,KM-000001559-3,見積書提出中,2025/06/17,,あじさい建物サービス株式会社,ＴＥＫビル桜町電停前,山岡慎吾,運搬費,104200,10420,114620,37200,0.36,0.64,N42-0867
KM-000001559,KM-000001559-4,見積書提出中,2025/06/17,,あじさい建物サービス株式会社,ＴＥＫビル桜町電停前,山岡慎吾,諸経費・雑費及び印紙代等,104200,10420,114620,37200,0.36,0.64,N42-0867
KM-000001559,KM-000001559-5,見積書提出中,2025/06/17,,あじさい建物サービス株式会社,ＴＥＫビル桜町電停前,山岡慎吾,廃材処理費,104200,10420,114620,37200,0.36,0.64,N42-0867
KM-000001564,KM-000001564-1,見積書提出中,2025/06/26,,医療法人梶田医院,サービス付き高齢者向け住宅大塔ホーム,楠本敏紀,停電時自動着床装置用バッテリー,104000,10400,114400,58000,0.56,0.44,N42-0766
KM-000001564,KM-000001564-2,見積書提出中,2025/06/26,,医療法人梶田医院,サービス付き高齢者向け住宅大塔ホーム,楠本敏紀,カゴ内LED照明,104000,10400,114400,58000,0.56,0.44,N42-0766
KM-000001564,KM-000001564-3,見積書提出中,2025/06/26,,医療法人梶田医院,サービス付き高齢者向け住宅大塔ホーム,楠本敏紀,配線,104000,10400,114400,58000,0.56,0.44,N42-0766
KM-000001564,KM-000001564-4,見積書提出中,2025/06/26,,医療法人梶田医院,サービス付き高齢者向け住宅大塔ホーム,楠本敏紀,取替作業費及び調整費,104000,10400,114400,58000,0.56,0.44,N42-0766
KM-000001564,KM-000001564-5,見積書提出中,2025/06/26,,医療法人梶田医院,サービス付き高齢者向け住宅大塔ホーム,楠本敏紀,諸経費・雑費及び印紙代等,104000,10400,114400,58000,0.56,0.44,N42-0766
KM-000001564,KM-000001564-6,見積書提出中,2025/06/26,,医療法人梶田医院,サービス付き高齢者向け住宅大塔ホーム,楠本敏紀,廃材処理費,104000,10400,114400,58000,0.56,0.44,N42-0766
KM-000001564,KM-000001564-7,見積書提出中,2025/06/26,,医療法人梶田医院,サービス付き高齢者向け住宅大塔ホーム,楠本敏紀,運搬費,104000,10400,114400,58000,0.56,0.44,N42-0766
KM-000001565,KM-000001565-1,見積書提出中,2025/06/26,,医療法人梶田医院,介護付き有料老人ホーム大塔,楠本敏紀,停電時自動着床装置用バッテリー,121000,12100,133100,68000,0.56,0.44,N42-0767
KM-000001565,KM-000001565-2,見積書提出中,2025/06/26,,医療法人梶田医院,介護付き有料老人ホーム大塔,楠本敏紀,カゴ内LED照明,121000,12100,133100,68000,0.56,0.44,N42-0767
KM-000001565,KM-000001565-3,見積書提出中,2025/06/26,,医療法人梶田医院,介護付き有料老人ホーム大塔,楠本敏紀,配線,121000,12100,133100,68000,0.56,0.44,N42-0767
KM-000001565,KM-000001565-4,見積書提出中,2025/06/26,,医療法人梶田医院,介護付き有料老人ホーム大塔,楠本敏紀,取替作業費及び調整費,121000,12100,133100,68000,0.56,0.44,N42-0767
KM-000001565,KM-000001565-5,見積書提出中,2025/06/26,,医療法人梶田医院,介護付き有料老人ホーム大塔,楠本敏紀,諸経費・雑費及び印紙代等,121000,12100,133100,68000,0.56,0.44,N42-0767
KM-000001565,KM-000001565-6,見積書提出中,2025/06/26,,医療法人梶田医院,介護付き有料老人ホーム大塔,楠本敏紀,廃材処理費,121000,12100,133100,68000,0.56,0.44,N42-0767
KM-000001565,KM-000001565-7,見積書提出中,2025/06/26,,医療法人梶田医院,介護付き有料老人ホーム大塔,楠本敏紀,運搬費,121000,12100,133100,68000,0.56,0.44,N42-0767
KM-000001571,KM-000001571-1,失注,2025/06/02,,医療法人祥仁会,ろうけん西諫早　１号機,森勝正,メインワイヤー,495000,49500,544500,105000,0.21,0.79,
KM-000001571,KM-000001571-2,失注,2025/06/02,,医療法人祥仁会,ろうけん西諫早　１号機,森勝正,作業費及び調整費,495000,49500,544500,105000,0.21,0.79,
KM-000001571,KM-000001571-3,失注,2025/06/02,,医療法人祥仁会,ろうけん西諫早　１号機,森勝正,諸経費及び雑費,495000,49500,544500,105000,0.21,0.79,
KM-000001571,KM-000001571-4,失注,2025/06/02,,医療法人祥仁会,ろうけん西諫早　１号機,森勝正,運搬費,495000,49500,544500,105000,0.21,0.79,
KM-000001571,KM-000001571-5,失注,2025/06/02,,医療法人祥仁会,ろうけん西諫早　１号機,森勝正,廃材処理費,495000,49500,544500,105000,0.21,0.79,
KM-000001571,KM-000001571-6,失注,2025/06/02,,医療法人祥仁会,ろうけん西諫早　１号機,森勝正,出精値引き,495000,49500,544500,105000,0.21,0.79,
KM-000001572,KM-000001572-1,見積書提出中,2025/06/02,,株式会社三基,銀嶺ビル,山口諒也,カウンターガイドシュー,60000,6000,66000,11200,0.19,0.81,N42-0134
KM-000001572,KM-000001572-2,見積書提出中,2025/06/02,,株式会社三基,銀嶺ビル,山口諒也,取替作業費及び調整費,60000,6000,66000,11200,0.19,0.81,N42-0134
KM-000001572,KM-000001572-3,見積書提出中,2025/06/02,,株式会社三基,銀嶺ビル,山口諒也,運搬費,60000,6000,66000,11200,0.19,0.81,N42-0134
KM-000001572,KM-000001572-4,見積書提出中,2025/06/02,,株式会社三基,銀嶺ビル,山口諒也,諸経費・雑費及び印紙代等,60000,6000,66000,11200,0.19,0.81,N42-0134
KM-000001572,KM-000001572-5,見積書提出中,2025/06/02,,株式会社三基,銀嶺ビル,山口諒也,廃材処理費,60000,6000,66000,11200,0.19,0.81,N42-0134
KM-000001573,KM-000001573-1,工事決定(付箋済み),2025/06/03,,有限会社親和ガレージ,親和ガレージ,山口諒也,巻上機横蓋用パッキン,69000,6900,75900,2600,0.04,0.96,N42-0078
KM-000001573,KM-000001573-2,工事決定(付箋済み),2025/06/03,,有限会社親和ガレージ,親和ガレージ,山口諒也,巻上機オイルゲージ,69000,6900,75900,2600,0.04,0.96,N42-0078
KM-000001573,KM-000001573-3,工事決定(付箋済み),2025/06/03,,有限会社親和ガレージ,親和ガレージ,山口諒也,巻上機ギアオイル,69000,6900,75900,2600,0.04,0.96,N42-0078
KM-000001573,KM-000001573-4,工事決定(付箋済み),2025/06/03,,有限会社親和ガレージ,親和ガレージ,山口諒也,取替作業費及び調整費,69000,6900,75900,2600,0.04,0.96,N42-0078
KM-000001573,KM-000001573-5,工事決定(付箋済み),2025/06/03,,有限会社親和ガレージ,親和ガレージ,山口諒也,運搬費,69000,6900,75900,2600,0.04,0.96,N42-0078
KM-000001573,KM-000001573-6,工事決定(付箋済み),2025/06/03,,有限会社親和ガレージ,親和ガレージ,山口諒也,諸経費・雑費及び印紙代等,69000,6900,75900,2600,0.04,0.96,N42-0078
KM-000001573,KM-000001573-7,工事決定(付箋済み),2025/06/03,,有限会社親和ガレージ,親和ガレージ,山口諒也,廃材処理費,69000,6900,75900,2600,0.04,0.96,N42-0078
KM-000001575,KM-000001575-1,見積書提出中,2025/06/04,,道創業有限会社,桜町ビル,田中勇,メインロープ,272500,27250,299750,45500,0.17,0.83,N42-0141
KM-000001575,KM-000001575-2,見積書提出中,2025/06/04,,道創業有限会社,桜町ビル,田中勇,巻上機ギヤオイル,272500,27250,299750,45500,0.17,0.83,N42-0141
KM-000001575,KM-000001575-3,見積書提出中,2025/06/04,,道創業有限会社,桜町ビル,田中勇,取替え作業費及び調整費,272500,27250,299750,45500,0.17,0.83,N42-0141
KM-000001575,KM-000001575-4,見積書提出中,2025/06/04,,道創業有限会社,桜町ビル,田中勇,雑費及び諸経費,272500,27250,299750,45500,0.17,0.83,N42-0141
KM-000001575,KM-000001575-5,見積書提出中,2025/06/04,,道創業有限会社,桜町ビル,田中勇,運搬費,272500,27250,299750,45500,0.17,0.83,N42-0141
KM-000001575,KM-000001575-6,見積書提出中,2025/06/04,,道創業有限会社,桜町ビル,田中勇,廃材処理費,272500,27250,299750,45500,0.17,0.83,N42-0141
KM-000001576,KM-000001576-1,見積書提出中,2025/06/04,,LA-BELLA管理組合,ＬＡ　ＢＥＬＬＡ,田中勇,メインロープ,306000,30600,336600,60500,0.2,0.8,N42-0206
KM-000001576,KM-000001576-2,見積書提出中,2025/06/04,,LA-BELLA管理組合,ＬＡ　ＢＥＬＬＡ,田中勇,巻上機ギヤオイル,306000,30600,336600,60500,0.2,0.8,N42-0206
KM-000001576,KM-000001576-3,見積書提出中,2025/06/04,,LA-BELLA管理組合,ＬＡ　ＢＥＬＬＡ,田中勇,取替え作業費及び調整費,306000,30600,336600,60500,0.2,0.8,N42-0206
KM-000001576,KM-000001576-4,見積書提出中,2025/06/04,,LA-BELLA管理組合,ＬＡ　ＢＥＬＬＡ,田中勇,雑費及び諸経費,306000,30600,336600,60500,0.2,0.8,N42-0206
KM-000001576,KM-000001576-5,見積書提出中,2025/06/04,,LA-BELLA管理組合,ＬＡ　ＢＥＬＬＡ,田中勇,運搬費,306000,30600,336600,60500,0.2,0.8,N42-0206
KM-000001576,KM-000001576-6,見積書提出中,2025/06/04,,LA-BELLA管理組合,ＬＡ　ＢＥＬＬＡ,田中勇,廃材処理費,306000,30600,336600,60500,0.2,0.8,N42-0206
KM-000001577,KM-000001577-1,見積書提出中,2025/06/04,,オノウエ株式会社,オノウエ株式会社,田中勇,メインロープ,274300,27430,301730,45500,0.17,0.83,N42-0258
KM-000001577,KM-000001577-2,見積書提出中,2025/06/04,,オノウエ株式会社,オノウエ株式会社,田中勇,巻上機ギヤオイル,274300,27430,301730,45500,0.17,0.83,N42-0258
KM-000001577,KM-000001577-3,見積書提出中,2025/06/04,,オノウエ株式会社,オノウエ株式会社,田中勇,取替え作業費及び調整費,274300,27430,301730,45500,0.17,0.83,N42-0258
KM-000001577,KM-000001577-4,見積書提出中,2025/06/04,,オノウエ株式会社,オノウエ株式会社,田中勇,雑費及び諸経費,274300,27430,301730,45500,0.17,0.83,N42-0258
KM-000001577,KM-000001577-5,見積書提出中,2025/06/04,,オノウエ株式会社,オノウエ株式会社,田中勇,運搬費,274300,27430,301730,45500,0.17,0.83,N42-0258
KM-000001577,KM-000001577-6,見積書提出中,2025/06/04,,オノウエ株式会社,オノウエ株式会社,田中勇,廃材処理費,274300,27430,301730,45500,0.17,0.83,N42-0258
KM-000001578,KM-000001578-1,見積書提出中,2025/06/04,,長崎県交通局本局長崎営業所,長崎県交通局本局長崎営業所,上中康平,半導体ユニット,440000,44000,484000,270000,0.61,0.39,N42-0307
KM-000001578,KM-000001578-2,見積書提出中,2025/06/04,,長崎県交通局本局長崎営業所,長崎県交通局本局長崎営業所,上中康平,直流安定化電源,440000,44000,484000,270000,0.61,0.39,N42-0307
KM-000001578,KM-000001578-3,見積書提出中,2025/06/04,,長崎県交通局本局長崎営業所,長崎県交通局本局長崎営業所,上中康平,シールバッテリー7Ah(稲電標準),440000,44000,484000,270000,0.61,0.39,N42-0307
KM-000001578,KM-000001578-4,見積書提出中,2025/06/04,,長崎県交通局本局長崎営業所,長崎県交通局本局長崎営業所,上中康平,取替作業費及び調整費,440000,44000,484000,270000,0.61,0.39,N42-0307
KM-000001578,KM-000001578-5,見積書提出中,2025/06/04,,長崎県交通局本局長崎営業所,長崎県交通局本局長崎営業所,上中康平,運搬費,440000,44000,484000,270000,0.61,0.39,N42-0307
KM-000001578,KM-000001578-6,見積書提出中,2025/06/04,,長崎県交通局本局長崎営業所,長崎県交通局本局長崎営業所,上中康平,雑費及び諸経費,440000,44000,484000,270000,0.61,0.39,N42-0307
KM-000001578,KM-000001578-7,見積書提出中,2025/06/04,,長崎県交通局本局長崎営業所,長崎県交通局本局長崎営業所,上中康平,廃材処理費,440000,44000,484000,270000,0.61,0.39,N42-0307
KM-000001582,KM-000001582-1,見積書提出中,2025/06/04,,株式会社長崎スカイホテル,ホテル長崎　２号機,平野司,4階乗場ハンガーローラー,30200,3020,33220,5000,0.17,0.83,N42-0173
KM-000001582,KM-000001582-2,見積書提出中,2025/06/04,,株式会社長崎スカイホテル,ホテル長崎　２号機,平野司,取替作業費及び調整費,30200,3020,33220,5000,0.17,0.83,N42-0173
KM-000001582,KM-000001582-3,見積書提出中,2025/06/04,,株式会社長崎スカイホテル,ホテル長崎　２号機,平野司,運搬費,30200,3020,33220,5000,0.17,0.83,N42-0173
KM-000001582,KM-000001582-4,見積書提出中,2025/06/04,,株式会社長崎スカイホテル,ホテル長崎　２号機,平野司,諸経費•雑費及び印紙代,30200,3020,33220,5000,0.17,0.83,N42-0173
KM-000001582,KM-000001582-5,見積書提出中,2025/06/04,,株式会社長崎スカイホテル,ホテル長崎　２号機,平野司,廃材処理費,30200,3020,33220,5000,0.17,0.83,N42-0173
KM-000001583,KM-000001583-1,請求済(付箋済み),2025/06/07,,株式会社長崎スカイホテル,ホテル長崎　２号機,平野司,4階乗場ハンガーローラー,45000,4500,49500,10000,0.22,0.78,N42-0173
KM-000001583,KM-000001583-2,請求済(付箋済み),2025/06/07,,株式会社長崎スカイホテル,ホテル長崎　２号機,平野司,取替作業費及び調整費,45000,4500,49500,10000,0.22,0.78,N42-0173
KM-000001583,KM-000001583-3,請求済(付箋済み),2025/06/07,,株式会社長崎スカイホテル,ホテル長崎　２号機,平野司,運搬費,45000,4500,49500,10000,0.22,0.78,N42-0173
KM-000001583,KM-000001583-4,請求済(付箋済み),2025/06/07,,株式会社長崎スカイホテル,ホテル長崎　２号機,平野司,諸経費•雑費及び印紙代,45000,4500,49500,10000,0.22,0.78,N42-0173
KM-000001583,KM-000001583-5,請求済(付箋済み),2025/06/07,,株式会社長崎スカイホテル,ホテル長崎　２号機,平野司,廃材処理費,45000,4500,49500,10000,0.22,0.78,N42-0173
KM-000001591,KM-000001591-1,見積書提出中,2025/06/11,,佐賀地方検察庁,佐賀地方検察庁武雄支部　１号機,楠本敏紀,ピット水抜き作業費,255000,25500,280500,152500,0.6,0.4,N41-0016
KM-000001591,KM-000001591-2,見積書提出中,2025/06/11,,佐賀地方検察庁,佐賀地方検察庁武雄支部　１号機,楠本敏紀,油水処理費用,255000,25500,280500,152500,0.6,0.4,N41-0016
KM-000001591,KM-000001591-3,見積書提出中,2025/06/11,,佐賀地方検察庁,佐賀地方検察庁武雄支部　１号機,楠本敏紀,立会作業費,255000,25500,280500,152500,0.6,0.4,N41-0016
KM-000001591,KM-000001591-4,見積書提出中,2025/06/11,,佐賀地方検察庁,佐賀地方検察庁武雄支部　１号機,楠本敏紀,諸経費・雑費及び印紙代等,255000,25500,280500,152500,0.6,0.4,N41-0016
KM-000001592,KM-000001592-1,承認済,2025/06/12,,有限会社壽工業,グリーンヒル若葉,楠本敏紀,メインロープ,600000,60000,660000,338400,0.56,0.44,N42-0791
KM-000001592,KM-000001592-2,承認済,2025/06/12,,有限会社壽工業,グリーンヒル若葉,楠本敏紀,取替作業費及び調整費,600000,60000,660000,338400,0.56,0.44,N42-0791
KM-000001592,KM-000001592-3,承認済,2025/06/12,,有限会社壽工業,グリーンヒル若葉,楠本敏紀,諸経費・雑費及び印紙代等,600000,60000,660000,338400,0.56,0.44,N42-0791
KM-000001592,KM-000001592-4,承認済,2025/06/12,,有限会社壽工業,グリーンヒル若葉,楠本敏紀,廃材処理費,600000,60000,660000,338400,0.56,0.44,N42-0791
KM-000001592,KM-000001592-5,承認済,2025/06/12,,有限会社壽工業,グリーンヒル若葉,楠本敏紀,出精値引き,600000,60000,660000,338400,0.56,0.44,N42-0791
KM-000001593,KM-000001593-1,見積書提出中,2025/06/06,,株式会社　KFプランニング,ホテルシーガル,小栁諒,照明器具,81400,8140,89540,27600,0.34,0.66,N42-0749
KM-000001593,KM-000001593-2,見積書提出中,2025/06/06,,株式会社　KFプランニング,ホテルシーガル,小栁諒,取替作業費及び調整費,81400,8140,89540,27600,0.34,0.66,N42-0749
KM-000001593,KM-000001593-3,見積書提出中,2025/06/06,,株式会社　KFプランニング,ホテルシーガル,小栁諒,諸経費及び雑費,81400,8140,89540,27600,0.34,0.66,N42-0749
KM-000001593,KM-000001593-4,見積書提出中,2025/06/06,,株式会社　KFプランニング,ホテルシーガル,小栁諒,運搬費,81400,8140,89540,27600,0.34,0.66,N42-0749
KM-000001593,KM-000001593-5,見積書提出中,2025/06/06,,株式会社　KFプランニング,ホテルシーガル,小栁諒,廃材処理費,81400,8140,89540,27600,0.34,0.66,N42-0749
KM-000001600,KM-000001600-1,承認済,2025/06/09,,西海市役所 総務部 管財課,西海市役所西海総合支所,楠本敏紀,カゴ内LED照明,44500,4450,48950,10000,0.22,0.78,N42-0068
KM-000001600,KM-000001600-2,承認済,2025/06/09,,西海市役所 総務部 管財課,西海市役所西海総合支所,楠本敏紀,配線,44500,4450,48950,10000,0.22,0.78,N42-0068
KM-000001600,KM-000001600-3,承認済,2025/06/09,,西海市役所 総務部 管財課,西海市役所西海総合支所,楠本敏紀,取替作業費及び調整費,44500,4450,48950,10000,0.22,0.78,N42-0068
KM-000001600,KM-000001600-4,承認済,2025/06/09,,西海市役所 総務部 管財課,西海市役所西海総合支所,楠本敏紀,諸経費・雑費及び印紙代等,44500,4450,48950,10000,0.22,0.78,N42-0068
KM-000001600,KM-000001600-5,承認済,2025/06/09,,西海市役所 総務部 管財課,西海市役所西海総合支所,楠本敏紀,廃材処理費,44500,4450,48950,10000,0.22,0.78,N42-0068
KM-000001600,KM-000001600-6,承認済,2025/06/09,,西海市役所 総務部 管財課,西海市役所西海総合支所,楠本敏紀,運搬費,44500,4450,48950,10000,0.22,0.78,N42-0068
KM-000001601,KM-000001601-1,見積書提出中,2025/06/09,,ALSOK長崎株式会社,思案橋ツダ眼科,森本健,カゴドア連動ベルト,20750,2075,22825,1350,0.07,0.93,
KM-000001601,KM-000001601-2,見積書提出中,2025/06/09,,ALSOK長崎株式会社,思案橋ツダ眼科,森本健,取替作業費及び調整費,20750,2075,22825,1350,0.07,0.93,
KM-000001601,KM-000001601-3,見積書提出中,2025/06/09,,ALSOK長崎株式会社,思案橋ツダ眼科,森本健,運搬費,20750,2075,22825,1350,0.07,0.93,
KM-000001601,KM-000001601-4,見積書提出中,2025/06/09,,ALSOK長崎株式会社,思案橋ツダ眼科,森本健,諸経費・雑費及び印紙代等,20750,2075,22825,1350,0.07,0.93,
KM-000001601,KM-000001601-5,見積書提出中,2025/06/09,,ALSOK長崎株式会社,思案橋ツダ眼科,森本健,廃材処理費,20750,2075,22825,1350,0.07,0.93,
KM-000001602,KM-000001602-1,見積書提出中,2025/06/09,,ALSOK長崎株式会社,思案橋ツダ眼科,森本健,かご内保護幕(高さ1800ｍｍ　3面),45000,4500,49500,31830,0.71,0.29,
KM-000001603,KM-000001603-1,見積書提出中,2025/06/10,,ジャパンエレベーターサービス九州株式会社,介護付有料老人ホームさくらプレイス広田　３号機,内田義輝,乗場ドアハンガー（高速側）,135000,13500,148500,41280,0.31,0.69,NS-339
KM-000001603,KM-000001603-2,見積書提出中,2025/06/10,,ジャパンエレベーターサービス九州株式会社,介護付有料老人ホームさくらプレイス広田　３号機,内田義輝,乗場ドアハンガー（低速側）,135000,13500,148500,41280,0.31,0.69,NS-339
KM-000001603,KM-000001603-3,見積書提出中,2025/06/10,,ジャパンエレベーターサービス九州株式会社,介護付有料老人ホームさくらプレイス広田　３号機,内田義輝,取替作業費及び調整費,135000,13500,148500,41280,0.31,0.69,NS-339
KM-000001603,KM-000001603-4,見積書提出中,2025/06/10,,ジャパンエレベーターサービス九州株式会社,介護付有料老人ホームさくらプレイス広田　３号機,内田義輝,運搬費,135000,13500,148500,41280,0.31,0.69,NS-339
KM-000001603,KM-000001603-5,見積書提出中,2025/06/10,,ジャパンエレベーターサービス九州株式会社,介護付有料老人ホームさくらプレイス広田　３号機,内田義輝,諸経費・雑費及び印紙代等,135000,13500,148500,41280,0.31,0.69,NS-339
KM-000001603,KM-000001603-6,見積書提出中,2025/06/10,,ジャパンエレベーターサービス九州株式会社,介護付有料老人ホームさくらプレイス広田　３号機,内田義輝,廃材処理費,135000,13500,148500,41280,0.31,0.69,NS-339
KM-000001605,KM-000001605-1,請求済(付箋済み),2025/06/10,,株式会社新樹苑,新樹苑本店ビル,森本健,カゴ内照明LED,71500,7150,78650,27000,0.38,0.62,N42-0137
KM-000001605,KM-000001605-2,請求済(付箋済み),2025/06/10,,株式会社新樹苑,新樹苑本店ビル,森本健,照明用配線,71500,7150,78650,27000,0.38,0.62,N42-0137
KM-000001605,KM-000001605-3,請求済(付箋済み),2025/06/10,,株式会社新樹苑,新樹苑本店ビル,森本健,取替作業費及び調整費,71500,7150,78650,27000,0.38,0.62,N42-0137
KM-000001605,KM-000001605-4,請求済(付箋済み),2025/06/10,,株式会社新樹苑,新樹苑本店ビル,森本健,雑費及び諸経費,71500,7150,78650,27000,0.38,0.62,N42-0137
KM-000001605,KM-000001605-5,請求済(付箋済み),2025/06/10,,株式会社新樹苑,新樹苑本店ビル,森本健,廃材処理費,71500,7150,78650,27000,0.38,0.62,N42-0137
KM-000001605,KM-000001605-6,請求済(付箋済み),2025/06/10,,株式会社新樹苑,新樹苑本店ビル,森本健,運搬費,71500,7150,78650,27000,0.38,0.62,N42-0137
KM-000001606,KM-000001606-1,工事決定(付箋済み),2025/06/11,,長崎市長　鈴木史朗,三和地域センター,上中康平,非常用バッテリー,105000,10500,115500,40000,0.38,0.62,
KM-000001606,KM-000001606-2,工事決定(付箋済み),2025/06/11,,長崎市長　鈴木史朗,三和地域センター,上中康平,取替作業費及び調整費,105000,10500,115500,40000,0.38,0.62,
KM-000001606,KM-000001606-3,工事決定(付箋済み),2025/06/11,,長崎市長　鈴木史朗,三和地域センター,上中康平,運搬費,105000,10500,115500,40000,0.38,0.62,
KM-000001606,KM-000001606-4,工事決定(付箋済み),2025/06/11,,長崎市長　鈴木史朗,三和地域センター,上中康平,雑費及び諸経費,105000,10500,115500,40000,0.38,0.62,
KM-000001606,KM-000001606-5,工事決定(付箋済み),2025/06/11,,長崎市長　鈴木史朗,三和地域センター,上中康平,廃材処理費,105000,10500,115500,40000,0.38,0.62,
KM-000001607,KM-000001607-1,承認済,2025/06/11,,パトリエ浜町マンション管理組合,パトリエ浜町マンション,平野司,インバーターユニット,978000,97800,1075800,857000,0.88,0.12,N42-0858
KM-000001607,KM-000001607-2,承認済,2025/06/11,,パトリエ浜町マンション管理組合,パトリエ浜町マンション,平野司,取替作業費及び調整費,978000,97800,1075800,857000,0.88,0.12,N42-0858
KM-000001607,KM-000001607-3,承認済,2025/06/11,,パトリエ浜町マンション管理組合,パトリエ浜町マンション,平野司,諸経費・雑費及び印紙代等,978000,97800,1075800,857000,0.88,0.12,N42-0858
KM-000001607,KM-000001607-4,承認済,2025/06/11,,パトリエ浜町マンション管理組合,パトリエ浜町マンション,平野司,廃材処理費,978000,97800,1075800,857000,0.88,0.12,N42-0858
KM-000001607,KM-000001607-5,承認済,2025/06/11,,パトリエ浜町マンション管理組合,パトリエ浜町マンション,平野司,運搬費,978000,97800,1075800,857000,0.88,0.12,N42-0858
KM-000001609,KM-000001609-1,見積書提出中,2025/06/11,,中央エレベーター工業株式会社,長崎県地方法務局平戸支局,内田義輝,取替作業費,20000,2000,22000,0,0.0,1.0,XB7-0001-01
KM-000001613,KM-000001613-1,見積書提出中,2025/06/11,,長崎市学校等施設包括管理センター(トラスティ建物管理・大和総業共同事業体),長崎市立南陽小学校,平野司,電磁接触器,16500,1650,18150,1750,0.11,0.89,N42-0654
KM-000001613,KM-000001613-2,見積書提出中,2025/06/11,,長崎市学校等施設包括管理センター(トラスティ建物管理・大和総業共同事業体),長崎市立南陽小学校,平野司,取替作業費及び調整費,16500,1650,18150,1750,0.11,0.89,N42-0654
KM-000001613,KM-000001613-3,見積書提出中,2025/06/11,,長崎市学校等施設包括管理センター(トラスティ建物管理・大和総業共同事業体),長崎市立南陽小学校,平野司,運搬費,16500,1650,18150,1750,0.11,0.89,N42-0654
KM-000001613,KM-000001613-4,見積書提出中,2025/06/11,,長崎市学校等施設包括管理センター(トラスティ建物管理・大和総業共同事業体),長崎市立南陽小学校,平野司,諸経費・雑費及び印紙代等,16500,1650,18150,1750,0.11,0.89,N42-0654
KM-000001613,KM-000001613-5,見積書提出中,2025/06/11,,長崎市学校等施設包括管理センター(トラスティ建物管理・大和総業共同事業体),長崎市立南陽小学校,平野司,廃材処理費,16500,1650,18150,1750,0.11,0.89,N42-0654
KM-000001614,KM-000001614-1,見積書提出中,2025/06/12,,脇川京子,ＷＩＺ祇園,内田義輝,差動式スポット型感知器,32100,3210,35310,9000,0.28,0.72,RZ7-023-01
KM-000001614,KM-000001614-2,見積書提出中,2025/06/12,,脇川京子,ＷＩＺ祇園,内田義輝,取替作業費及び調整費,32100,3210,35310,9000,0.28,0.72,RZ7-023-01
KM-000001614,KM-000001614-3,見積書提出中,2025/06/12,,脇川京子,ＷＩＺ祇園,内田義輝,運搬費,32100,3210,35310,9000,0.28,0.72,RZ7-023-01
KM-000001614,KM-000001614-4,見積書提出中,2025/06/12,,脇川京子,ＷＩＺ祇園,内田義輝,諸経費・雑費代等,32100,3210,35310,9000,0.28,0.72,RZ7-023-01
KM-000001614,KM-000001614-5,見積書提出中,2025/06/12,,脇川京子,ＷＩＺ祇園,内田義輝,廃材処理費,32100,3210,35310,9000,0.28,0.72,RZ7-023-01
KM-000001615,KM-000001615-1,承認済,2025/06/19,,橋本直裕,光華ビル,山岡慎吾,ピット水抜き作業費,38000,3800,41800,0,0.0,1.0,N42-0333
KM-000001615,KM-000001615-2,承認済,2025/06/19,,橋本直裕,光華ビル,山岡慎吾,運搬費,38000,3800,41800,0,0.0,1.0,N42-0333
KM-000001615,KM-000001615-3,承認済,2025/06/19,,橋本直裕,光華ビル,山岡慎吾,諸経費・雑費及び印紙代等,38000,3800,41800,0,0.0,1.0,N42-0333
KM-000001615,KM-000001615-4,承認済,2025/06/19,,橋本直裕,光華ビル,山岡慎吾,廃材処理費,38000,3800,41800,0,0.0,1.0,N42-0333
KM-000001616,KM-000001616-1,工事決定(付箋済み),2025/06/13,,株式会社　丸二興産,スターハイツ,森本健,内装工事(壁3面+内扉+天井),200000,20000,220000,149000,0.75,0.25,N42-0712
KM-000001616,KM-000001616-2,工事決定(付箋済み),2025/06/13,,株式会社　丸二興産,スターハイツ,森本健,立会い及び調整費,200000,20000,220000,149000,0.75,0.25,N42-0712
KM-000001616,KM-000001616-3,工事決定(付箋済み),2025/06/13,,株式会社　丸二興産,スターハイツ,森本健,諸経費,200000,20000,220000,149000,0.75,0.25,N42-0712
KM-000001616,KM-000001616-4,工事決定(付箋済み),2025/06/13,,株式会社　丸二興産,スターハイツ,森本健,出精値引き,200000,20000,220000,149000,0.75,0.25,N42-0712
KM-000001618,KM-000001618-1,見積書提出中,2025/06/16,,大村市役所,竹松出張所,森本健,インバーターユニット,1338000,133800,1471800,942000,0.7,0.3,
KM-000001618,KM-000001618-2,見積書提出中,2025/06/16,,大村市役所,竹松出張所,森本健,電源装置①,1338000,133800,1471800,942000,0.7,0.3,
KM-000001618,KM-000001618-3,見積書提出中,2025/06/16,,大村市役所,竹松出張所,森本健,電源装置②,1338000,133800,1471800,942000,0.7,0.3,
KM-000001618,KM-000001618-4,見積書提出中,2025/06/16,,大村市役所,竹松出張所,森本健,取替作業費及び調整立会費,1338000,133800,1471800,942000,0.7,0.3,
KM-000001618,KM-000001618-5,見積書提出中,2025/06/16,,大村市役所,竹松出張所,森本健,諸経費・雑費及び印紙代等,1338000,133800,1471800,942000,0.7,0.3,
KM-000001618,KM-000001618-6,見積書提出中,2025/06/16,,大村市役所,竹松出張所,森本健,廃材処理費,1338000,133800,1471800,942000,0.7,0.3,
KM-000001620,KM-000001620-1,見積書提出中,2025/06/17,,ジャパンエレベーターサービス九州株式会社,ケイズプラザ住吉店,平野司,メインロープ,324500,32450,356950,60000,0.18,0.82,NS-262
KM-000001620,KM-000001620-2,見積書提出中,2025/06/17,,ジャパンエレベーターサービス九州株式会社,ケイズプラザ住吉店,平野司,取替作業費及び調整費,324500,32450,356950,60000,0.18,0.82,NS-262
KM-000001620,KM-000001620-3,見積書提出中,2025/06/17,,ジャパンエレベーターサービス九州株式会社,ケイズプラザ住吉店,平野司,運搬費,324500,32450,356950,60000,0.18,0.82,NS-262
KM-000001620,KM-000001620-4,見積書提出中,2025/06/17,,ジャパンエレベーターサービス九州株式会社,ケイズプラザ住吉店,平野司,諸経費・雑費及び印紙代等,324500,32450,356950,60000,0.18,0.82,NS-262
KM-000001620,KM-000001620-5,見積書提出中,2025/06/17,,ジャパンエレベーターサービス九州株式会社,ケイズプラザ住吉店,平野司,廃材処理費,324500,32450,356950,60000,0.18,0.82,NS-262
KM-000001621,KM-000001621-1,工事決定(着手金請求処理済み)　付箋済み,2025/06/18,,株式会社リノプロテック,リファレンス長崎大学前,平野司,インバーターユニット,3047000,304700,3351700,2558000,0.84,0.16,
KM-000001621,KM-000001621-2,工事決定(着手金請求処理済み)　付箋済み,2025/06/18,,株式会社リノプロテック,リファレンス長崎大学前,平野司,GCS/LSRMB基板,3047000,304700,3351700,2558000,0.84,0.16,
KM-000001621,KM-000001621-3,工事決定(着手金請求処理済み)　付箋済み,2025/06/18,,株式会社リノプロテック,リファレンス長崎大学前,平野司,BDCB3基板,3047000,304700,3351700,2558000,0.84,0.16,
KM-000001621,KM-000001621-4,工事決定(着手金請求処理済み)　付箋済み,2025/06/18,,株式会社リノプロテック,リファレンス長崎大学前,平野司,非常救出用バッテリー,3047000,304700,3351700,2558000,0.84,0.16,
KM-000001621,KM-000001621-5,工事決定(着手金請求処理済み)　付箋済み,2025/06/18,,株式会社リノプロテック,リファレンス長崎大学前,平野司,かご位置検出センサー,3047000,304700,3351700,2558000,0.84,0.16,
KM-000001621,KM-000001621-6,工事決定(着手金請求処理済み)　付箋済み,2025/06/18,,株式会社リノプロテック,リファレンス長崎大学前,平野司,LED照明器具,3047000,304700,3351700,2558000,0.84,0.16,
KM-000001621,KM-000001621-7,工事決定(着手金請求処理済み)　付箋済み,2025/06/18,,株式会社リノプロテック,リファレンス長崎大学前,平野司,取替作業費及び調整費,3047000,304700,3351700,2558000,0.84,0.16,
KM-000001621,KM-000001621-8,工事決定(着手金請求処理済み)　付箋済み,2025/06/18,,株式会社リノプロテック,リファレンス長崎大学前,平野司,諸経費・雑費及び印紙代等,3047000,304700,3351700,2558000,0.84,0.16,
KM-000001621,KM-000001621-9,工事決定(着手金請求処理済み)　付箋済み,2025/06/18,,株式会社リノプロテック,リファレンス長崎大学前,平野司,廃材処理費,3047000,304700,3351700,2558000,0.84,0.16,
KM-000001621,KM-000001621-10,工事決定(着手金請求処理済み)　付箋済み,2025/06/18,,株式会社リノプロテック,リファレンス長崎大学前,平野司,運搬費,3047000,304700,3351700,2558000,0.84,0.16,
KM-000001622,KM-000001622-1,請求済(付箋済み),2025/06/18,,コアマンション島瀬ネクステージ管理組合,コアマンション島瀬ネクステージ,永島航貴,緊急対応費（６/１５対応分）,40000,4000,44000,40000,1.0,0.0,N42-0599
KM-000001623,KM-000001623-1,請求済(付箋済み),2025/06/18,,ヒルズ次男坊,ヒルズ次男坊,田中勇,カゴ内照明カバー,28700,2870,31570,15700,0.55,0.45,N42-0204
KM-000001623,KM-000001623-2,請求済(付箋済み),2025/06/18,,ヒルズ次男坊,ヒルズ次男坊,田中勇,取替え作業費及び諸経費,28700,2870,31570,15700,0.55,0.45,N42-0204
KM-000001623,KM-000001623-3,請求済(付箋済み),2025/06/18,,ヒルズ次男坊,ヒルズ次男坊,田中勇,運搬費,28700,2870,31570,15700,0.55,0.45,N42-0204
KM-000001624,KM-000001624-1,見積書提出中,2025/06/24,,西海市,西海市立西海小学校,楠本敏紀,メインロープ,201500,20150,221650,13800,0.07,0.93,N42-0906
KM-000001624,KM-000001624-2,見積書提出中,2025/06/24,,西海市,西海市立西海小学校,楠本敏紀,取替作業費及び調整費,201500,20150,221650,13800,0.07,0.93,N42-0906
KM-000001624,KM-000001624-3,見積書提出中,2025/06/24,,西海市,西海市立西海小学校,楠本敏紀,諸経費・雑費及び印紙代等,201500,20150,221650,13800,0.07,0.93,N42-0906
KM-000001624,KM-000001624-4,見積書提出中,2025/06/24,,西海市,西海市立西海小学校,楠本敏紀,廃材処理費,201500,20150,221650,13800,0.07,0.93,N42-0906
KM-000001624,KM-000001624-5,見積書提出中,2025/06/24,,西海市,西海市立西海小学校,楠本敏紀,運搬費,201500,20150,221650,13800,0.07,0.93,N42-0906
KM-000001625,KM-000001625-1,工事決定(付箋済み),2025/06/19,,株式会社ヘヤミセ,バルサⅠ,山岡慎吾,乗場ドアハンガー(1F.2F),277520,27752,305272,194020,0.7,0.3,N42-0509
KM-000001625,KM-000001625-2,工事決定(付箋済み),2025/06/19,,株式会社ヘヤミセ,バルサⅠ,山岡慎吾,乗場押ボタン(1F),277520,27752,305272,194020,0.7,0.3,N42-0509
KM-000001625,KM-000001625-3,工事決定(付箋済み),2025/06/19,,株式会社ヘヤミセ,バルサⅠ,山岡慎吾,カゴ内照明器具,277520,27752,305272,194020,0.7,0.3,N42-0509
KM-000001625,KM-000001625-4,工事決定(付箋済み),2025/06/19,,株式会社ヘヤミセ,バルサⅠ,山岡慎吾,取替作業費及び調整費,277520,27752,305272,194020,0.7,0.3,N42-0509
KM-000001625,KM-000001625-5,工事決定(付箋済み),2025/06/19,,株式会社ヘヤミセ,バルサⅠ,山岡慎吾,諸経費及び雑費,277520,27752,305272,194020,0.7,0.3,N42-0509
KM-000001625,KM-000001625-6,工事決定(付箋済み),2025/06/19,,株式会社ヘヤミセ,バルサⅠ,山岡慎吾,運搬費,277520,27752,305272,194020,0.7,0.3,N42-0509
KM-000001625,KM-000001625-7,工事決定(付箋済み),2025/06/19,,株式会社ヘヤミセ,バルサⅠ,山岡慎吾,廃材処理費,277520,27752,305272,194020,0.7,0.3,N42-0509
KM-000001627,KM-000001627-1,見積書提出中,2025/06/19,,総合システム管理株式会社　長崎営業所,サムティ長崎時津Ⅰ,森本健,各乗り場押ボタン,173410,17341,190751,98410,0.57,0.43,N42-0329
KM-000001627,KM-000001627-2,見積書提出中,2025/06/19,,総合システム管理株式会社　長崎営業所,サムティ長崎時津Ⅰ,森本健,停電時自動着床用バッテリー,173410,17341,190751,98410,0.57,0.43,N42-0329
KM-000001627,KM-000001627-3,見積書提出中,2025/06/19,,総合システム管理株式会社　長崎営業所,サムティ長崎時津Ⅰ,森本健,取替作業費及び調整費,173410,17341,190751,98410,0.57,0.43,N42-0329
KM-000001627,KM-000001627-4,見積書提出中,2025/06/19,,総合システム管理株式会社　長崎営業所,サムティ長崎時津Ⅰ,森本健,諸経費及び雑費及び印紙代等,173410,17341,190751,98410,0.57,0.43,N42-0329
KM-000001627,KM-000001627-5,見積書提出中,2025/06/19,,総合システム管理株式会社　長崎営業所,サムティ長崎時津Ⅰ,森本健,廃材処理費,173410,17341,190751,98410,0.57,0.43,N42-0329
KM-000001629,KM-000001629-1,失注,2025/06/20,,有限会社壽工業,グリーンヒル若葉,塩塚恵介,メインロープ,610000,61000,671000,338400,0.55,0.45,
KM-000001629,KM-000001629-2,失注,2025/06/20,,有限会社壽工業,グリーンヒル若葉,塩塚恵介,取替作業費及び調整費,610000,61000,671000,338400,0.55,0.45,
KM-000001629,KM-000001629-3,失注,2025/06/20,,有限会社壽工業,グリーンヒル若葉,塩塚恵介,諸経費・雑費及び印紙代等,610000,61000,671000,338400,0.55,0.45,
KM-000001629,KM-000001629-4,失注,2025/06/20,,有限会社壽工業,グリーンヒル若葉,塩塚恵介,廃材処理費,610000,61000,671000,338400,0.55,0.45,
KM-000001629,KM-000001629-5,失注,2025/06/20,,有限会社壽工業,グリーンヒル若葉,塩塚恵介,出精値引き,610000,61000,671000,338400,0.55,0.45,
KM-000001630,KM-000001630-1,工事決定(着手金請求処理済み)　付箋済み,2025/06/20,,有限会社壽工業,グリーンヒル若葉,楠本敏紀,メインロープ,610000,61000,671000,338400,0.55,0.45,
KM-000001630,KM-000001630-2,工事決定(着手金請求処理済み)　付箋済み,2025/06/20,,有限会社壽工業,グリーンヒル若葉,楠本敏紀,取替作業費及び調整費,610000,61000,671000,338400,0.55,0.45,
KM-000001630,KM-000001630-3,工事決定(着手金請求処理済み)　付箋済み,2025/06/20,,有限会社壽工業,グリーンヒル若葉,楠本敏紀,諸経費・雑費及び印紙代等,610000,61000,671000,338400,0.55,0.45,
KM-000001630,KM-000001630-4,工事決定(着手金請求処理済み)　付箋済み,2025/06/20,,有限会社壽工業,グリーンヒル若葉,楠本敏紀,廃材処理費,610000,61000,671000,338400,0.55,0.45,
KM-000001630,KM-000001630-5,工事決定(着手金請求処理済み)　付箋済み,2025/06/20,,有限会社壽工業,グリーンヒル若葉,楠本敏紀,出精値引き,610000,61000,671000,338400,0.55,0.45,
KM-000001631,KM-000001631-1,承認済,2025/06/20,,一般財団法人長崎地区労働福祉会館,長崎地区労働福祉会館,山口諒也,カウンターガイドシュー,55000,5500,60500,11200,0.2,0.8,N42-0248
KM-000001631,KM-000001631-2,承認済,2025/06/20,,一般財団法人長崎地区労働福祉会館,長崎地区労働福祉会館,山口諒也,取替作業費及び調整費,55000,5500,60500,11200,0.2,0.8,N42-0248
KM-000001631,KM-000001631-3,承認済,2025/06/20,,一般財団法人長崎地区労働福祉会館,長崎地区労働福祉会館,山口諒也,運搬費,55000,5500,60500,11200,0.2,0.8,N42-0248
KM-000001631,KM-000001631-4,承認済,2025/06/20,,一般財団法人長崎地区労働福祉会館,長崎地区労働福祉会館,山口諒也,諸経費・雑費及び印紙代等,55000,5500,60500,11200,0.2,0.8,N42-0248
KM-000001631,KM-000001631-5,承認済,2025/06/20,,一般財団法人長崎地区労働福祉会館,長崎地区労働福祉会館,山口諒也,廃材処理費,55000,5500,60500,11200,0.2,0.8,N42-0248
KM-000001632,KM-000001632-1,見積書提出中,2025/06/20,,ハウス流通株式会社,フリーダム大浦,上中康平,換気扇,85000,8500,93500,22350,0.26,0.74,N42-0091
KM-000001632,KM-000001632-2,見積書提出中,2025/06/20,,ハウス流通株式会社,フリーダム大浦,上中康平,カゴ内照明,85000,8500,93500,22350,0.26,0.74,N42-0091
KM-000001632,KM-000001632-3,見積書提出中,2025/06/20,,ハウス流通株式会社,フリーダム大浦,上中康平,照明用配線,85000,8500,93500,22350,0.26,0.74,N42-0091
KM-000001632,KM-000001632-4,見積書提出中,2025/06/20,,ハウス流通株式会社,フリーダム大浦,上中康平,取替作業費及び調整費,85000,8500,93500,22350,0.26,0.74,N42-0091
KM-000001632,KM-000001632-5,見積書提出中,2025/06/20,,ハウス流通株式会社,フリーダム大浦,上中康平,雑費及び諸経費,85000,8500,93500,22350,0.26,0.74,N42-0091
KM-000001632,KM-000001632-6,見積書提出中,2025/06/20,,ハウス流通株式会社,フリーダム大浦,上中康平,運搬費,85000,8500,93500,22350,0.26,0.74,N42-0091
KM-000001632,KM-000001632-7,見積書提出中,2025/06/20,,ハウス流通株式会社,フリーダム大浦,上中康平,廃材処理費,85000,8500,93500,22350,0.26,0.74,N42-0091
KM-000001634,KM-000001634-1,請求済(付箋済み),2025/06/23,,株式会社西部エレベーターサービス,,川原拓朗,VESPlus (特別養護久保内科病院　１号機),1218000,121800,1339800,0,0.0,1.0,
KM-000001634,KM-000001634-2,請求済(付箋済み),2025/06/23,,株式会社西部エレベーターサービス,,川原拓朗,VESPlus (久保内科病院　２号機),1218000,121800,1339800,0,0.0,1.0,
KM-000001634,KM-000001634-3,請求済(付箋済み),2025/06/23,,株式会社西部エレベーターサービス,,川原拓朗,VESPlus (新大村駅自由通路　１号機),1218000,121800,1339800,0,0.0,1.0,
KM-000001634,KM-000001634-4,請求済(付箋済み),2025/06/23,,株式会社西部エレベーターサービス,,川原拓朗,VESPlus (新大村駅自由通路　２号機),1218000,121800,1339800,0,0.0,1.0,
KM-000001634,KM-000001634-5,請求済(付箋済み),2025/06/23,,株式会社西部エレベーターサービス,,川原拓朗,VESPlus (ゆうあいホームはなの杜　１号機),1218000,121800,1339800,0,0.0,1.0,
KM-000001634,KM-000001634-6,請求済(付箋済み),2025/06/23,,株式会社西部エレベーターサービス,,川原拓朗,VESPlus (ゆうあいホームはなの杜　２号機),1218000,121800,1339800,0,0.0,1.0,
KM-000001634,KM-000001634-7,請求済(付箋済み),2025/06/23,,株式会社西部エレベーターサービス,,川原拓朗,VESPlus (プラム石坂),1218000,121800,1339800,0,0.0,1.0,
KM-000001634,KM-000001634-8,請求済(付箋済み),2025/06/23,,株式会社西部エレベーターサービス,,川原拓朗,VESPlus (運転免許試験場）,1218000,121800,1339800,0,0.0,1.0,
KM-000001634,KM-000001634-9,請求済(付箋済み),2025/06/23,,株式会社西部エレベーターサービス,,川原拓朗,VESPlus (長崎県立大村高等学校),1218000,121800,1339800,0,0.0,1.0,
KM-000001634,KM-000001634-10,請求済(付箋済み),2025/06/23,,株式会社西部エレベーターサービス,,川原拓朗,VESPlus (江迎警察署),1218000,121800,1339800,0,0.0,1.0,
KM-000001634,KM-000001634-11,請求済(付箋済み),2025/06/23,,株式会社西部エレベーターサービス,,川原拓朗,VESPlus (西海みずき信用組合本店),1218000,121800,1339800,0,0.0,1.0,
KM-000001634,KM-000001634-12,請求済(付箋済み),2025/06/23,,株式会社西部エレベーターサービス,,川原拓朗,VESPlus (平野医院),1218000,121800,1339800,0,0.0,1.0,
KM-000001634,KM-000001634-13,請求済(付箋済み),2025/06/23,,株式会社西部エレベーターサービス,,川原拓朗,VESPlus (島原市立第一小学校),1218000,121800,1339800,0,0.0,1.0,
KM-000001634,KM-000001634-14,請求済(付箋済み),2025/06/23,,株式会社西部エレベーターサービス,,川原拓朗,VESPlus (安全運転学校),1218000,121800,1339800,0,0.0,1.0,
KM-000001634,KM-000001634-15,請求済(付箋済み),2025/06/23,,株式会社西部エレベーターサービス,,川原拓朗,VESPlus (長崎県県央保健所),1218000,121800,1339800,0,0.0,1.0,
KM-000001634,KM-000001634-16,請求済(付箋済み),2025/06/23,,株式会社西部エレベーターサービス,,川原拓朗,VESPlus (長崎市北消防署),1218000,121800,1339800,0,0.0,1.0,
KM-000001634,KM-000001634-17,請求済(付箋済み),2025/06/23,,株式会社西部エレベーターサービス,,川原拓朗,VESPlus (アミティ麹屋町),1218000,121800,1339800,0,0.0,1.0,
KM-000001634,KM-000001634-18,請求済(付箋済み),2025/06/23,,株式会社西部エレベーターサービス,,川原拓朗,VESPlus (特別養護老人ホームあいのうら　１号機),1218000,121800,1339800,0,0.0,1.0,
KM-000001634,KM-000001634-19,請求済(付箋済み),2025/06/23,,株式会社西部エレベーターサービス,,川原拓朗,VESPlus (特別養護老人ホームあいのうら　２号機),1218000,121800,1339800,0,0.0,1.0,
KM-000001634,KM-000001634-20,請求済(付箋済み),2025/06/23,,株式会社西部エレベーターサービス,,川原拓朗,VESPlus (泌尿器科いまりクリニック),1218000,121800,1339800,0,0.0,1.0,
KM-000001634,KM-000001634-21,請求済(付箋済み),2025/06/23,,株式会社西部エレベーターサービス,,川原拓朗,VESPlus (長崎県医師会館),1218000,121800,1339800,0,0.0,1.0,
KM-000001634,KM-000001634-22,請求済(付箋済み),2025/06/23,,株式会社西部エレベーターサービス,,川原拓朗,VESPlus (矢太樓　１・2号機),1218000,121800,1339800,0,0.0,1.0,
KM-000001634,KM-000001634-23,請求済(付箋済み),2025/06/23,,株式会社西部エレベーターサービス,,川原拓朗,VESPlus (トラストＭ),1218000,121800,1339800,0,0.0,1.0,
KM-000001634,KM-000001634-24,請求済(付箋済み),2025/06/23,,株式会社西部エレベーターサービス,,川原拓朗,VESPlus (泉田外科医院),1218000,121800,1339800,0,0.0,1.0,
KM-000001634,KM-000001634-25,請求済(付箋済み),2025/06/23,,株式会社西部エレベーターサービス,,川原拓朗,VESPlus (ユメックスピュア),1218000,121800,1339800,0,0.0,1.0,
KM-000001634,KM-000001634-26,請求済(付箋済み),2025/06/23,,株式会社西部エレベーターサービス,,川原拓朗,VESPlus (長崎県警察本部庁舎　５号機),1218000,121800,1339800,0,0.0,1.0,
KM-000001634,KM-000001634-27,請求済(付箋済み),2025/06/23,,株式会社西部エレベーターサービス,,川原拓朗,VESPlus (長崎県警察本部庁舎　４号機),1218000,121800,1339800,0,0.0,1.0,
KM-000001634,KM-000001634-28,請求済(付箋済み),2025/06/23,,株式会社西部エレベーターサービス,,川原拓朗,VESPlus (長崎県警察本部庁舎　３号機),1218000,121800,1339800,0,0.0,1.0,
KM-000001634,KM-000001634-29,請求済(付箋済み),2025/06/23,,株式会社西部エレベーターサービス,,川原拓朗,VESPlus (ファミーユ南長崎),1218000,121800,1339800,0,0.0,1.0,
KM-000001634,KM-000001634-30,請求済(付箋済み),2025/06/23,,株式会社西部エレベーターサービス,,川原拓朗,VESⅢ (三山ビル),1218000,121800,1339800,0,0.0,1.0,
KM-000001634,KM-000001634-31,請求済(付箋済み),2025/06/23,,株式会社西部エレベーターサービス,,川原拓朗,VESⅢ (アーバニティ),1218000,121800,1339800,0,0.0,1.0,
KM-000001634,KM-000001634-32,請求済(付箋済み),2025/06/23,,株式会社西部エレベーターサービス,,川原拓朗,VESⅢ (エスポワール武雄),1218000,121800,1339800,0,0.0,1.0,
KM-000001634,KM-000001634-33,請求済(付箋済み),2025/06/23,,株式会社西部エレベーターサービス,,川原拓朗,VESⅢ (ｍｅｄｉｏ　ＥＤＯＭＡＣＨＩ),1218000,121800,1339800,0,0.0,1.0,
KM-000001634,KM-000001634-34,請求済(付箋済み),2025/06/23,,株式会社西部エレベーターサービス,,川原拓朗,VESⅢ (江迎労働基準監督署),1218000,121800,1339800,0,0.0,1.0,
KM-000001635,KM-000001635-1,請求済(付箋済み),2025/06/25,,有限会社ひまわり不動産,光華ビル,山岡慎吾,ピット水抜き作業費,30000,3000,33000,0,0.0,1.0,N42-0333
KM-000001635,KM-000001635-2,請求済(付箋済み),2025/06/25,,有限会社ひまわり不動産,光華ビル,山岡慎吾,運搬費,30000,3000,33000,0,0.0,1.0,N42-0333
KM-000001635,KM-000001635-3,請求済(付箋済み),2025/06/25,,有限会社ひまわり不動産,光華ビル,山岡慎吾,諸経費・雑費及び印紙代等,30000,3000,33000,0,0.0,1.0,N42-0333
KM-000001635,KM-000001635-4,請求済(付箋済み),2025/06/25,,有限会社ひまわり不動産,光華ビル,山岡慎吾,廃材処理費,30000,3000,33000,0,0.0,1.0,N42-0333
KM-000001635,KM-000001635-5,請求済(付箋済み),2025/06/25,,有限会社ひまわり不動産,光華ビル,山岡慎吾,出精値引き,30000,3000,33000,0,0.0,1.0,N42-0333
KM-000001637,KM-000001637-1,承認済,2025/06/24,,パトリエ浜町マンション管理組合,パトリエ浜町マンション,平野司,メインロープ,365500,36550,402050,75000,0.21,0.79,N42-0858
KM-000001637,KM-000001637-2,承認済,2025/06/24,,パトリエ浜町マンション管理組合,パトリエ浜町マンション,平野司,取替作業費及び調整費,365500,36550,402050,75000,0.21,0.79,N42-0858
KM-000001637,KM-000001637-3,承認済,2025/06/24,,パトリエ浜町マンション管理組合,パトリエ浜町マンション,平野司,運搬費,365500,36550,402050,75000,0.21,0.79,N42-0858
KM-000001637,KM-000001637-4,承認済,2025/06/24,,パトリエ浜町マンション管理組合,パトリエ浜町マンション,平野司,諸経費・雑費及び印紙代等,365500,36550,402050,75000,0.21,0.79,N42-0858
KM-000001637,KM-000001637-5,承認済,2025/06/24,,パトリエ浜町マンション管理組合,パトリエ浜町マンション,平野司,廃材処理費,365500,36550,402050,75000,0.21,0.79,N42-0858
KM-000001641,KM-000001641-1,見積書提出中,2025/06/27,,ジャパンエレベーターサービス九州株式会社,丸菱本社ビル,内田義輝,乗場ランプ基板,65000,6500,71500,25500,0.39,0.61,NS-341
KM-000001641,KM-000001641-2,見積書提出中,2025/06/27,,ジャパンエレベーターサービス九州株式会社,丸菱本社ビル,内田義輝,取替作業費及び調整費,65000,6500,71500,25500,0.39,0.61,NS-341
KM-000001641,KM-000001641-3,見積書提出中,2025/06/27,,ジャパンエレベーターサービス九州株式会社,丸菱本社ビル,内田義輝,運搬費,65000,6500,71500,25500,0.39,0.61,NS-341
KM-000001641,KM-000001641-4,見積書提出中,2025/06/27,,ジャパンエレベーターサービス九州株式会社,丸菱本社ビル,内田義輝,諸経費・雑費及び印紙代等,65000,6500,71500,25500,0.39,0.61,NS-341
KM-000001641,KM-000001641-5,見積書提出中,2025/06/27,,ジャパンエレベーターサービス九州株式会社,丸菱本社ビル,内田義輝,廃材処理費,65000,6500,71500,25500,0.39,0.61,NS-341
KM-000001642,KM-000001642-1,見積書提出中,2025/06/27,,西海市長,西海市役所西海総合支所,楠本敏紀,モーター修理費,677800,67780,745580,266000,0.39,0.61,N42-0068
KM-000001642,KM-000001642-2,見積書提出中,2025/06/27,,西海市長,西海市役所西海総合支所,楠本敏紀,作業費及び調整費,677800,67780,745580,266000,0.39,0.61,N42-0068
KM-000001642,KM-000001642-3,見積書提出中,2025/06/27,,西海市長,西海市役所西海総合支所,楠本敏紀,諸経費・雑費及び印紙代等,677800,67780,745580,266000,0.39,0.61,N42-0068
KM-000001642,KM-000001642-4,見積書提出中,2025/06/27,,西海市長,西海市役所西海総合支所,楠本敏紀,運搬費,677800,67780,745580,266000,0.39,0.61,N42-0068
KM-000001645,KM-000001645-1,見積書提出中,2025/06/30,,有限会社　幸徳,一二三ビル,平野司,アルミフラットバー,55000,5500,60500,45000,0.82,0.18,N42-0254
KM-000001645,KM-000001645-2,見積書提出中,2025/06/30,,有限会社　幸徳,一二三ビル,平野司,施工諸経費,55000,5500,60500,45000,0.82,0.18,N42-0254
KM-000001645,KM-000001645-3,見積書提出中,2025/06/30,,有限会社　幸徳,一二三ビル,平野司,立会い費,55000,5500,60500,45000,0.82,0.18,N42-0254
